{
    "caad9d8d130c6c67b0741d06460e581cd": {
        "point": {},
        "saklar": false,
        "quest": "",
        "asw": [],
        "tmp": []
    },
    "c78fbeb7d5d4113de37fee5392a4ae514": {
        "point": {},
        "saklar": false,
        "quest": "",
        "asw": [],
        "tmp": []
    },
    "c69813846f6f6c3423aff02e60b45519f": {
        "point": {},
        "saklar": false,
        "quest": "",
        "asw": [],
        "tmp": []
    },
    "c44b04e88ee5702e5e3278b3714d4b992": {
        "point": {},
        "saklar": false,
        "quest": "",
        "asw": [],
        "tmp": []
    },
    "c8f3ed09c6f0ca817ea2357590ed3552e": {
        "point": {},
        "saklar": false,
        "quest": "",
        "asw": [],
        "tmp": []
    },
    "c88654a1429767d4c5b0a7df014c84223": {
        "point": {},
        "saklar": false,
        "quest": "",
        "asw": [],
        "tmp": []
    },
    "ce80322eca1fa46c96f8e8286b39936f6": {
        "point": {},
        "saklar": false,
        "quest": "",
        "asw": [],
        "tmp": []
    },
    "cf1a1b941610f6045133d2a93dd0893ef": {
        "point": {},
        "saklar": false,
        "quest": "",
        "asw": [],
        "tmp": []
    },
    "cf8d28cd993da254a8f4ffaf48fe21399": {
        "point": {},
        "saklar": false,
        "quest": "",
        "asw": [],
        "tmp": []
    },
    "cee2dadadfaa4a24fe17fb9baaf6ed851": {
        "point": {},
        "saklar": false,
        "quest": "",
        "asw": [],
        "tmp": []
    },
    "c3114c56e7c9211350549641559a5db17": {
        "point": {},
        "saklar": false,
        "quest": "",
        "asw": [],
        "tmp": []
    },
    "cee404224110c0f596e612ae8c4d61482": {
        "point": {},
        "saklar": false,
        "quest": "",
        "asw": [],
        "tmp": []
    },
    "c13d12c1d31016c402bd581c9d07d2ccf": {
        "point": {},
        "saklar": false,
        "quest": "",
        "asw": [],
        "tmp": []
    },
    "c3f78d18b96d3d19533890d4e0c4dee94": {
        "point": {},
        "saklar": false,
        "quest": "",
        "asw": [],
        "tmp": []
    },
    "ca0f724d900b951360687ece5561f34ac": {
        "point": {},
        "saklar": false,
        "quest": "",
        "asw": [],
        "tmp": []
    },
    "ca8f68cd19a0dff5d58770fcefab47e84": {
        "point": {},
        "saklar": false,
        "quest": "",
        "asw": [],
        "tmp": []
    },
    "c53d614e48f2507a9109afdc340197f00": {
        "point": {},
        "saklar": false,
        "quest": "",
        "asw": [],
        "tmp": []
    },
    "cc412f2307316a79179ef7c7350dd7ccd": {
        "point": {},
        "saklar": false,
        "quest": "",
        "asw": [],
        "tmp": []
    },
    "ccedb2fa5ac78c33b3e0cd3ba1b54c33b": {
        "point": {
            "ayuindiariii": 5,
            "Riza Fahlan": 5
        },
        "saklar": true,
        "quest": "apa yang dipakai pelukis?|",
        "asw": [
            "kanvas",
            "kuas",
            "cat minyak",
            "cat air"
        ],
        "tmp": [
            "1. _________",
            "2. _________",
            "3. _________",
            "4. _________"
        ]
    },
    "c346d357a80e2a16e0c40d4b6953ce0de": {
        "point": {},
        "saklar": false,
        "quest": "",
        "asw": [],
        "tmp": []
    },
    "c5d4cef9548e483d100d993d3c6cc664a": {
        "point": {},
        "saklar": false,
        "quest": "",
        "asw": [],
        "tmp": []
    },
    "c5b72bd7996684dda0ce30ea3d6f26595": {
        "point": {},
        "saklar": false,
        "quest": "",
        "asw": [],
        "tmp": []
    },
    "c2604efe1821d1791f5d01400e5311302": {
        "point": {},
        "saklar": false,
        "quest": "",
        "asw": [],
        "tmp": []
    },
    "c08f77e2ed3071a4189778f7ce54175bc": {
        "point": {},
        "saklar": false,
        "quest": "",
        "asw": [],
        "tmp": []
    },
    "c8adfa2d5b50a227ccf0ab6a067b25195": {
        "point": {},
        "saklar": false,
        "quest": "",
        "asw": [],
        "tmp": []
    },
    "c72878ac94d7ca967a50edbb7cb365c1a": {
        "point": {},
        "saklar": false,
        "quest": "",
        "asw": [],
        "tmp": []
    },
    "c48e87078488ff7a52fb0626ac52ae74d": {
        "point": {},
        "saklar": false,
        "quest": "",
        "asw": [],
        "tmp": []
    },
    "caef7324fe64172ba3ff41b0bdcccd5bc": {
        "point": {},
        "saklar": false,
        "quest": "",
        "asw": [],
        "tmp": []
    },
    "c1926e126686b0f25b9d0d0e3627079f9": {
        "point": {},
        "saklar": false,
        "quest": "",
        "asw": [],
        "tmp": []
    },
    "c7ecfd662a02bb25318a9d299f74fd938": {
        "point": {},
        "saklar": false,
        "quest": "",
        "asw": [],
        "tmp": []
    },
    "ceda4aa25b805d9cbabd97737237884c5": {
        "point": {},
        "saklar": false,
        "quest": "",
        "asw": [],
        "tmp": []
    },
    "c240935d8a70dcbdc5e8799388fa056a0": {
        "point": {},
        "saklar": false,
        "quest": "",
        "asw": [],
        "tmp": []
    },
    "cda7c3659b19f7e499f80f1c6aae8002d": {
        "point": {},
        "saklar": false,
        "quest": "",
        "asw": [],
        "tmp": []
    },
    "c10ae24ced3533bd8e28ea67546018dd7": {
        "point": {},
        "saklar": false,
        "quest": "",
        "asw": [],
        "tmp": []
    },
    "c3f166ed0434f3152e908bdcd6fa7e711": {
        "point": {},
        "saklar": false,
        "quest": "",
        "asw": [],
        "tmp": []
    },
    "c1fa3eebc276a8fcd854eed76a9bdcf22": {
        "point": {},
        "saklar": false,
        "quest": "",
        "asw": [],
        "tmp": []
    },
    "c2b89d3cabdf0aba637a5a435923c28c1": {
        "point": {},
        "saklar": false,
        "quest": "",
        "asw": [],
        "tmp": []
    },
    "c077d6241c864ba35e1462f6fdc64a3f4": {
        "point": {},
        "saklar": false,
        "quest": "",
        "asw": [],
        "tmp": []
    },
    "cfdceda1e43185bc2e0678031165cb74d": {
        "point": {},
        "saklar": false,
        "quest": "",
        "asw": [],
        "tmp": []
    },
    "c9cc50a95d540005ea43e242ab4e7c452": {
        "point": {},
        "saklar": false,
        "quest": "",
        "asw": [],
        "tmp": []
    },
    "c11f7a097d5423f13e83193ac11c9700d": {
        "point": {},
        "saklar": false,
        "quest": "",
        "asw": [],
        "tmp": []
    },
    "c79eb3540cbc088568da616fa3b8cb561": {
        "point": {},
        "saklar": false,
        "quest": "",
        "asw": [],
        "tmp": []
    },
    "c8b3bd6b13e8d599e332d3063a2045efc": {
        "point": {},
        "saklar": false,
        "quest": "",
        "asw": [],
        "tmp": []
    },
    "c749e3073e83b95975052eb9b1d8ca67d": {
        "point": {},
        "saklar": false,
        "quest": "",
        "asw": [],
        "tmp": []
    },
    "c4f11ea60e3cbe9f1f2077384c12559e3": {
        "point": {},
        "saklar": false,
        "quest": "",
        "asw": [],
        "tmp": []
    },
    "cda0956d8a289147f92c6d87e2078e0f5": {
        "point": {},
        "saklar": false,
        "quest": "",
        "asw": [],
        "tmp": []
    },
    "c966f6552054ab39d899eca0050b94172": {
        "point": {},
        "saklar": false,
        "quest": "",
        "asw": [],
        "tmp": []
    },
    "caea3d88f3f9045f354a04db1f6c3783a": {
        "point": {},
        "saklar": false,
        "quest": "",
        "asw": [],
        "tmp": []
    },
    "c30e134b33d5d49a99fa3a258f2a0fdf5": {
        "point": {},
        "saklar": false,
        "quest": "",
        "asw": [],
        "tmp": []
    },
    "cda1a0df42e3749746f51702b9a7addf3": {
        "point": {},
        "saklar": false,
        "quest": "",
        "asw": [],
        "tmp": []
    },
    "c7479f72b63f5a4f7d6e047e9f6e4b3fe": {
        "point": {},
        "saklar": false,
        "quest": "",
        "asw": [],
        "tmp": []
    },
    "c903fc605b6579c2fc2bbce41afcf79c2": {
        "point": {},
        "saklar": false,
        "quest": "",
        "asw": [],
        "tmp": []
    },
    "c019533bf070ec3dbc22f38c7b7f81c59": {
        "point": {},
        "saklar": false,
        "quest": "",
        "asw": [],
        "tmp": []
    },
    "cc495d289ca509f90cda987602cade930": {
        "point": {},
        "saklar": false,
        "quest": "",
        "asw": [],
        "tmp": []
    },
    "cd598008f17abb26a2b287ce0d432e760": {
        "point": {
            "🍒Dwi Clara CS🍒": 62,
            "orang bebas": 9,
            "Rosika💥": 18,
            "si imoet": 10,
            "risal": 1
        },
        "saklar": false,
        "quest": "bahan pembuat jamu?",
        "asw": [
            "jahe (*)",
            "kunyit (*)",
            "beras",
            "asam",
            "madu"
        ],
        "tmp": [
            "1. jahe (1) [🍒Dwi Clara CS🍒]",
            "2. kunyit (1) [🍒Dwi Clara CS🍒]",
            "3. beras (*system)",
            "4. asam (*system)",
            "5. madu (*system)"
        ]
    },
    "cc2e621e6ae5c167aaf055e4728b94953": {
        "point": {
            "Poetry TempoDoeloe龍神": 1
        },
        "saklar": false,
        "quest": "Bayi suka nangis kalau",
        "asw": [
            "lapar (*)",
            "ngompol",
            "panas",
            "ramai",
            "haus",
            "dicubit"
        ],
        "tmp": [
            "1. lapar (1) [Poetry TempoDoeloe龍神]",
            "2. ngompol (*system)",
            "3. panas (*system)",
            "4. ramai (*system)",
            "5. haus (*system)",
            "6. dicubit (*system)"
        ]
    },
    "c79159ad4ae6798a5197d1469ff19380e": {
        "point": {
            "lanii🐣": 4
        },
        "saklar": true,
        "quest": "Aksesoris yg sering dipake di kepala",
        "asw": [
            "kacamata",
            "mahkota",
            "pita",
            "bando",
            "anting",
            "topi",
            "jepit rambut",
            "jilbab",
            "wig"
        ],
        "tmp": [
            "1. _________",
            "2. _________",
            "3. _________",
            "4. _________",
            "5. _________",
            "6. _________",
            "7. _________",
            "8. _________",
            "9. _________"
        ]
    },
    "cfb9cb10b87b737cddfba99d9d6e5825e": {
        "point": {},
        "saklar": false,
        "quest": "",
        "asw": [],
        "tmp": []
    },
    "c3282f83a8f3d87a730bbc6fc53e89a59": {
        "point": {},
        "saklar": false,
        "quest": "",
        "asw": [],
        "tmp": []
    },
    "c71f1001af361e81f52a45a9ec4934ab2": {
        "point": {},
        "saklar": false,
        "quest": "",
        "asw": [],
        "tmp": []
    },
    "c79e850a9e53838fe1d4384d33ab09179": {
        "point": {},
        "saklar": false,
        "quest": "",
        "asw": [],
        "tmp": []
    },
    "c9c996b353cfe6804c72d677c7c97567d": {
        "point": {},
        "saklar": false,
        "quest": "",
        "asw": [],
        "tmp": []
    },
    "cccb5c8986766e33dd02ae7416e5da24e": {
        "point": {},
        "saklar": false,
        "quest": "",
        "asw": [],
        "tmp": []
    },
    "cfe144792cefd63613c3b753149c652bd": {
        "point": {},
        "saklar": false,
        "quest": "",
        "asw": [],
        "tmp": []
    },
    "c036d869552d8bc714546d1f741bfb0fb": {
        "point": {},
        "saklar": false,
        "quest": "",
        "asw": [],
        "tmp": []
    },
    "c069114082eb31d53ad4f21bcb1a9c747": {
        "point": {},
        "saklar": false,
        "quest": "",
        "asw": [],
        "tmp": []
    },
    "cf2864a0f71b788f88ee59e9b03c45250": {
        "point": {},
        "saklar": false,
        "quest": "",
        "asw": [],
        "tmp": []
    },
    "c34e0f68149e24cafbe1ce4839e63ec88": {
        "point": {},
        "saklar": false,
        "quest": "",
        "asw": [],
        "tmp": []
    },
    "ccbdbcbb9715bc85a25c65e26fa8180e5": {
        "point": {},
        "saklar": true,
        "quest": "merk baju terkenal yang dijual di planet surf?",
        "asw": [
            "insight",
            "billabong",
            "spalding",
            "quick silver",
            "converse",
            "spiderbiltz",
            "planet ocean",
            "roxy"
        ],
        "tmp": [
            "1. _________",
            "2. _________",
            "3. _________",
            "4. _________",
            "5. _________",
            "6. _________",
            "7. _________",
            "8. _________"
        ]
    },
    "ceb81c889ccf3caad57371e24a420b6bc": {
        "point": {},
        "saklar": false,
        "quest": "",
        "asw": [],
        "tmp": []
    },
    "c356d92f30cb7916561c5b62e297bc2cd": {
        "point": {},
        "saklar": false,
        "quest": "",
        "asw": [],
        "tmp": []
    },
    "c2f9b38561988548688d10bbf2ba02b01": {
        "point": {},
        "saklar": false,
        "quest": "",
        "asw": [],
        "tmp": []
    },
    "cfc80ed3e2ec200e98a4063455d46cad5": {
        "point": {},
        "saklar": false,
        "quest": "",
        "asw": [],
        "tmp": []
    },
    "ce05b8878009b66d61122d8731bc680fc": {
        "point": {},
        "saklar": false,
        "quest": "",
        "asw": [],
        "tmp": []
    },
    "c33e857e9f6e36788c21d93f4f7475a17": {
        "point": {},
        "saklar": false,
        "quest": "",
        "asw": [],
        "tmp": []
    },
    "c69aee8d46542b092f52336bf542dbc8b": {
        "point": {},
        "saklar": false,
        "quest": "",
        "asw": [],
        "tmp": []
    },
    "c9924a57d338a81eb463ca7db187dcd75": {
        "point": {
            "fauzan": 7,
            "mahmud": 8
        },
        "saklar": true,
        "quest": "binatang yang dapat membawa penyakit?",
        "asw": [
            "anjing (*)",
            "kucing",
            "tikus (*)",
            "nyamuk (*)"
        ],
        "tmp": [
            "1. anjing (1) [mahmud]",
            "2. _________",
            "3. tikus (1) [mahmud]",
            "4. nyamuk (1) [mahmud]"
        ]
    },
    "c7f686df05d899da3d69cd95d110619c0": {
        "point": {},
        "saklar": false,
        "quest": "",
        "asw": [],
        "tmp": []
    },
    "ce34dfe56ac1b2156c5898bd0ee2860d8": {
        "point": {},
        "saklar": false,
        "quest": "",
        "asw": [],
        "tmp": []
    },
    "ca87ca9489fcfe66c74bccd6903a6be78": {
        "point": {},
        "saklar": false,
        "quest": "",
        "asw": [],
        "tmp": []
    },
    "c3414f968011f458e0dc97fa737dcdaad": {
        "point": {},
        "saklar": false,
        "quest": "",
        "asw": [],
        "tmp": []
    },
    "caf728b3b41c88f698e9b4b5db4a3ddcc": {
        "point": {},
        "saklar": false,
        "quest": "",
        "asw": [],
        "tmp": []
    },
    "cfbb88986f4874e9e01f84a96b6b18a19": {
        "point": {},
        "saklar": false,
        "quest": "",
        "asw": [],
        "tmp": []
    },
    "ca7e6386ea8530ab6b960368694dd9505": {
        "point": {},
        "saklar": false,
        "quest": "",
        "asw": [],
        "tmp": []
    },
    "c911bd7ff815b5ec8073c90ed95f73bd4": {
        "point": {},
        "saklar": true,
        "quest": "nama makanan menggunakan kata nasi?",
        "asw": [
            "nasi empal",
            "nasi uduk",
            "nasi goreng",
            "nasi rames",
            "nasi ayam",
            "nasi campur"
        ],
        "tmp": [
            "1. _________",
            "2. _________",
            "3. _________",
            "4. _________",
            "5. _________",
            "6. _________"
        ]
    },
    "c3cf224bb9c1899a6d33af93abf1b240a": {
        "point": {},
        "saklar": false,
        "quest": "",
        "asw": [],
        "tmp": []
    },
    "c2eb6e266c0b7655bc5bf414265dafa02": {
        "point": {},
        "saklar": false,
        "quest": "",
        "asw": [],
        "tmp": []
    },
    "ceb2e234e263faad01de4e8083414cb01": {
        "point": {},
        "saklar": false,
        "quest": "",
        "asw": [],
        "tmp": []
    },
    "cf2c4b38fca439035d5a14a41b630198b": {
        "point": {},
        "saklar": false,
        "quest": "",
        "asw": [],
        "tmp": []
    },
    "cea01091f06ed4b2253cf0f645a82e981": {
        "point": {},
        "saklar": false,
        "quest": "",
        "asw": [],
        "tmp": []
    },
    "c0afa5d1f1d1d7b50f4004987b1abc518": {
        "point": {},
        "saklar": false,
        "quest": "",
        "asw": [],
        "tmp": []
    },
    "cdf23c7954fab3e023a84a77685dff31f": {
        "point": {},
        "saklar": false,
        "quest": "",
        "asw": [],
        "tmp": []
    },
    "c0c92bcde2764f35ad1feaa885523f91a": {
        "point": {
            "Đỗ Sơn": 7,
            "oceanna kiyoshi": 1
        },
        "saklar": true,
        "quest": "name of fruits?",
        "asw": [
            "strawberry (*)",
            "banana (*)",
            "pineapple (*)",
            "apple (*)",
            "orange (*)",
            "durian",
            "plum",
            "mango (*)",
            "avocado",
            "grapes",
            "guava (*)",
            "watermelon (*)",
            "blueberry",
            "blackberry",
            "lime",
            "jackfruit"
        ],
        "tmp": [
            "1. strawberry (1) [Đỗ Sơn]",
            "2. banana (1) [Đỗ Sơn]",
            "3. pineapple (1) [Đỗ Sơn]",
            "4. apple (1) [Đỗ Sơn]",
            "5. orange (1) [Đỗ Sơn]",
            "6. _________",
            "7. _________",
            "8. mango (1) [oceanna kiyoshi]",
            "9. _________",
            "10. _________",
            "11. guava (1) [Đỗ Sơn]",
            "12. watermelon (1) [Đỗ Sơn]",
            "13. _________",
            "14. _________",
            "15. _________",
            "16. _________"
        ]
    },
    "c8938a5eb97dc5ac92024e9e37daf9a06": {
        "point": {},
        "saklar": false,
        "quest": "",
        "asw": [],
        "tmp": []
    },
    "c8a1835eee96537154cdce6bbb83422e7": {
        "point": {},
        "saklar": false,
        "quest": "",
        "asw": [],
        "tmp": []
    },
    "ce2ea1a8fd0c5824ca69ce65babf03ae2": {
        "point": {},
        "saklar": false,
        "quest": "",
        "asw": [],
        "tmp": []
    },
    "cb649b4cd592b79eb192d8264f6e5c8e9": {
        "saklar": false,
        "point": {},
        "quest": "perdana mentri wanita?",
        "asw": [
            "corazon aquino",
            "indira gandhi",
            "margaret thatcher",
            "evita peron",
            "benazir butho",
            "bandaranaike",
            "begum khalida",
            "golda meir"
        ],
        "tmp": [
            "1. corazon aquino (*system)",
            "2. indira gandhi (*system)",
            "3. margaret thatcher (*system)",
            "4. evita peron (*system)",
            "5. benazir butho (*system)",
            "6. bandaranaike (*system)",
            "7. begum khalida (*system)",
            "8. golda meir (*system)"
        ]
    },
    "c41d1c3fba9fc9da11abd32eb4d09c1df": {
        "point": {},
        "saklar": false,
        "quest": "",
        "asw": [],
        "tmp": []
    },
    "c30b9b44fcfd74028c5b75a5c5b640bfc": {
        "point": {},
        "saklar": false,
        "quest": "",
        "asw": [],
        "tmp": []
    },
    "c0fba091689f4382adb7f0b3d55225164": {
        "point": {},
        "saklar": false,
        "quest": "",
        "asw": [],
        "tmp": []
    },
    "cb7ca197080cfb757d738d5c652954ff0": {
        "point": {},
        "saklar": false,
        "quest": "",
        "asw": [],
        "tmp": []
    },
    "cd5a67b2b119b4a23479aaab5d21ecbd5": {
        "point": {},
        "saklar": true,
        "quest": "organisasi dunia?|",
        "asw": [
            "UNHCR",
            "UNICEF",
            "WHO",
            "IMF UNESCO"
        ],
        "tmp": [
            "1. _________",
            "2. _________",
            "3. _________",
            "4. _________"
        ]
    },
    "ccf9d435902b8e72da016ae25de1f9709": {
        "point": {},
        "saklar": false,
        "quest": "",
        "asw": [],
        "tmp": []
    },
    "c0c70200bedffa2cf6254a1b050949e40": {
        "point": {},
        "saklar": false,
        "quest": "",
        "asw": [],
        "tmp": []
    },
    "c6f5314be2bf3803ed561bfee67f430c2": {
        "point": {
            "chan❤♑": 1,
            "Ayl": 4,
            "ريان": 8,
            "Wawa.Jv": 29
        },
        "saklar": true,
        "quest": "apa yang bisa menyatukan lembaran kertas?",
        "asw": [
            "lem (*)",
            "klip",
            "staples"
        ],
        "tmp": [
            "1. lem (1) [Wawa.Jv]",
            "2. _________",
            "3. _________"
        ]
    },
    "c62651c6482ecfa61e00e838f9be0feaf": {
        "point": {},
        "saklar": false,
        "quest": "",
        "asw": [],
        "tmp": []
    },
    "c8930cd5e7c370797633dd01c500d7f86": {
        "point": {},
        "saklar": false,
        "quest": "",
        "asw": [],
        "tmp": []
    },
    "caca3bd3f7ebbeccfd4d71c4faf3d16f6": {
        "point": {},
        "saklar": false,
        "quest": "",
        "asw": [],
        "tmp": []
    },
    "c1e7036543dc419762287ce5de93a9347": {
        "point": {},
        "saklar": false,
        "quest": "",
        "asw": [],
        "tmp": []
    },
    "c24d096c9f3b3d3b273345436f78c19e6": {
        "point": {},
        "saklar": false,
        "quest": "",
        "asw": [],
        "tmp": []
    },
    "c626c1f3e35925a896d6a6b51237e5d06": {
        "point": {},
        "saklar": false,
        "quest": "",
        "asw": [],
        "tmp": []
    },
    "c0b39657178e0dd5bea6782d966a2df8b": {
        "point": {},
        "saklar": false,
        "quest": "",
        "asw": [],
        "tmp": []
    },
    "c9971d929c5d7dcac8efe0e88cca75715": {
        "point": {},
        "saklar": true,
        "quest": "tindak kriminal?",
        "asw": [
            "mencuri",
            "pembunuhan",
            "merampok",
            "pemerkosaan",
            "korupsi",
            "pelecehan",
            "nepotisme",
            "penganiayaan",
            "kolusi"
        ],
        "tmp": [
            "1. _________",
            "2. _________",
            "3. _________",
            "4. _________",
            "5. _________",
            "6. _________",
            "7. _________",
            "8. _________",
            "9. _________"
        ]
    },
    "c657c6df7df0ac106daad541237710bca": {
        "point": {},
        "saklar": false,
        "quest": "",
        "asw": [],
        "tmp": []
    },
    "c194be1a8669f5ce3c2184878eab00bbe": {
        "point": {},
        "saklar": false,
        "quest": "",
        "asw": [],
        "tmp": []
    },
    "cd920390b050205b106bb2c183743f59b": {
        "point": {},
        "saklar": false,
        "quest": "",
        "asw": [],
        "tmp": []
    },
    "c69e2388ebe354b891570810c37c3289d": {
        "point": {},
        "saklar": false,
        "quest": "",
        "asw": [],
        "tmp": []
    },
    "c6a9437c529f5703b33d4d4ca8a905bf0": {
        "point": {},
        "saklar": false,
        "quest": "",
        "asw": [],
        "tmp": []
    },
    "c7ff5252318ebb6db4ee4274a3cbc8e59": {
        "point": {},
        "saklar": false,
        "quest": "",
        "asw": [],
        "tmp": []
    },
    "c7267cca52fcbe2ff05bd87e758fd514d": {
        "point": {},
        "saklar": false,
        "quest": "",
        "asw": [],
        "tmp": []
    },
    "c2543f03fde743a337267d8ce36eec20e": {
        "point": {},
        "saklar": false,
        "quest": "",
        "asw": [],
        "tmp": []
    },
    "c062e6cb7459f9310d8a07f1780533718": {
        "point": {},
        "saklar": false,
        "quest": "",
        "asw": [],
        "tmp": []
    },
    "c9eb424727aff4e6651354a2d83184d2e": {
        "point": {},
        "saklar": false,
        "quest": "",
        "asw": [],
        "tmp": []
    },
    "c9abeecd46c2132fb013ed1cdcf52822f": {
        "point": {},
        "saklar": false,
        "quest": "",
        "asw": [],
        "tmp": []
    },
    "cc4d21986493a7ceef4660cf2dc993d4b": {
        "point": {},
        "saklar": false,
        "quest": "",
        "asw": [],
        "tmp": []
    },
    "cc3319f5076349ca9bf38c93db076a295": {
        "point": {},
        "saklar": false,
        "quest": "",
        "asw": [],
        "tmp": []
    },
    "ceda106601903cfbf38ac1cca6b4333a5": {
        "point": {
            "Kevin Rahmadan": 7,
            ".": 1,
            "": 3,
            "Mutia": 8
        },
        "saklar": true,
        "quest": "bahasa yang ada didunia?",
        "asw": [
            "indonesia (*)",
            "mandarin (*)",
            "melayu",
            "inggris (*)",
            "cina (*)",
            "india (*)",
            "perancis",
            "itali",
            "korea (*)",
            "jepang (*)",
            "jerman (*)",
            "portugal",
            "latin",
            "arab",
            "russia"
        ],
        "tmp": [
            "1. indonesia (1) [Mutia]",
            "2. mandarin (1) [Mutia]",
            "3. _________",
            "4. inggris (1) [Mutia]",
            "5. cina (1) [Mutia]",
            "6. india (1) [Mutia]",
            "7. _________",
            "8. _________",
            "9. korea (1) [Mutia]",
            "10. jepang (1) [Mutia]",
            "11. jerman (1) [Mutia]",
            "12. _________",
            "13. _________",
            "14. _________",
            "15. _________"
        ]
    },
    "cf808b7c9ef2516eb09665716829a4631": {
        "point": {
            "─┅═ই🎸Shiπ¢aπ🎸͜‮─┅═ই": 14,
            "🀄UnieL🀄": 2,
            "Fellycia 💕": 1
        },
        "saklar": true,
        "quest": "hiburan apa yang ada di pesta ulang tahun?",
        "asw": [
            "band",
            "badut (*)",
            "sulap",
            "kuis",
            "game"
        ],
        "tmp": [
            "1. _________",
            "2. badut (1) [Fellycia 💕]",
            "3. _________",
            "4. _________",
            "5. _________"
        ]
    },
    "c08190bce54dd32536566a7b0d50b0258": {
        "point": {},
        "saklar": false,
        "quest": "",
        "asw": [],
        "tmp": []
    },
    "c1729b1d2e0b113a041dd4b55bb2ca8f4": {
        "point": {},
        "saklar": false,
        "quest": "",
        "asw": [],
        "tmp": []
    },
    "cb7459ba340aa16a853ffe5b65a2efc96": {
        "point": {
            ".": 4,
            "Anna": 46,
            "🔑지미 판자이탄🔐": 5,
            "ina": 1
        },
        "saklar": true,
        "quest": "TV infotaiment?",
        "tmp": [
            "1. _________",
            "2. _________",
            "3. _________",
            "4. Silet (1) [Anna]",
            "5. _________",
            "6. _________"
        ],
        "asw": [
            "Kiss",
            "Insert",
            "Cek&Ricek",
            "Silet (*)",
            "Go show",
            "halo selebriti"
        ]
    },
    "cebc7c38ff49b369d2f4b0366ae5872f6": {
        "point": {},
        "saklar": false,
        "quest": "",
        "asw": [],
        "tmp": []
    },
    "c0ac6d184b4fc2cbf2a0635475dc1d164": {
        "point": {},
        "saklar": false,
        "quest": "",
        "asw": [],
        "tmp": []
    },
    "cd5116a519c68fc373c976020d019555d": {
        "point": {
            "✍͡➴͜﷼─┅͜͡✥Ăиꜱaℛ✪➻﷽": 1
        },
        "saklar": true,
        "quest": "this is notebook?",
        "asw": [
            "apple ibook",
            "ibm thinkpad t20",
            "compac evo n200",
            "compac ipaq 3835",
            "handspring visor deluxe",
            "core intel"
        ],
        "tmp": [
            "1. _________",
            "2. _________",
            "3. _________",
            "4. _________",
            "5. _________",
            "6. _________"
        ]
    },
    "ce67dc9940411d5f5b4a63c037089e392": {
        "point": {},
        "saklar": false,
        "quest": "",
        "asw": [],
        "tmp": []
    },
    "c7afaccf1fe2433e42eb40eb9a5642655": {
        "point": {},
        "saklar": false,
        "quest": "",
        "asw": [],
        "tmp": []
    },
    "c379307ebcbd38e175469fc12dc85ac88": {
        "point": {
            "I r M a": 110,
            "─┅═ই❂🔰Yanti 😊🔰͜‮─┅": 21,
            "CAngKRAngan": 3,
            "Yudi mardika": 1,
            "Fellycia 💕": 4,
            "Ghaniy": 2,
            "✯͜͡􀰂͜͜͡ৡNabilla͜͡ৡ͡8": 5,
            "ᴷᶤᶰᵍ ♔": 7
        },
        "saklar": true,
        "quest": "jenis asuransi?",
        "tmp": [
            "1. _________",
            "2. _________",
            "3. _________",
            "4. _________"
        ],
        "asw": [
            "asuransi jiwab",
            "asuransi pendidikan",
            "asuransi kebakaran",
            "asuransi angkutan"
        ]
    },
    "c93729022f52e94dc854e3a6c143137f7": {
        "point": {
            "vic-q": 18,
            "koichi": 42,
            "Fellycia 💕": 1,
            "safrian": 9,
            "Ghea Novitasari": 2,
            "anis_Chan": 1
        },
        "saklar": true,
        "quest": "tanda kendaraan?",
        "tmp": [
            "1. _________",
            "2. _________",
            "3. _________",
            "4. _________",
            "5. _________",
            "6. _________",
            "7. _________"
        ],
        "asw": [
            "dk-bali",
            "cd-diplomatik",
            "b-jakarta",
            "cc-konsul",
            "d-bandung",
            "dd-minahasa",
            "bh-jambi"
        ]
    },
    "cc3088e344de9382bd86b76f292689274": {
        "point": {
            ".": 7,
            "": 5
        },
        "saklar": false,
        "quest": "balon ku ada lima rupa-rupa warnanya...",
        "tmp": [
            "1. hijau (1) []",
            "2. merah (1) []",
            "3. kuning (1) []",
            "4. dilangit yang biru (1) []"
        ],
        "asw": [
            "hijau (*)",
            "merah (*)",
            "kuning (*)",
            "dilangit yang biru (*)"
        ]
    },
    "ce4522ad3c50b718b30ede8f2a7401185": {
        "point": {
            ".": 6,
            "􂘁􀄂f􏿿􂘁􀄌i􏿿􂘁􀄏f􏿿􂘁􀄄e􏿿􂘁􀄙e􏿿": 1
        },
        "saklar": true,
        "quest": "Indera Manusia?",
        "tmp": [
            "1. perasa (1) [.]",
            "2. _________",
            "3. penglihatan (1) [.]",
            "4. pendengaran (1) [.]",
            "5. _________"
        ],
        "asw": [
            "perasa (*)",
            "peraba",
            "penglihatan (*)",
            "pendengaran (*)",
            "kebathinan"
        ]
    },
    "ca54b4b6120cbe28b8db7a927498ead8c": {
        "point": {
            "": 14,
            "(m) (b) (e) (m)": 13
        },
        "saklar": false,
        "quest": "Tours dari mana saja yang datang ke Pulau Bali?",
        "tmp": [
            "1. Korea (1) [(m) (b) (e) (m)]",
            "2. Jepang (1) [(m) (b) (e) (m)]",
            "3. India (*system)",
            "4. Australia (*system)",
            "5. Inggris (1) [(m) (b) (e) (m)]",
            "6. jerman (1) [(m) (b) (e) (m)]",
            "7. amerika (1) []",
            "8. indonesia (*system)",
            "9. belanda (1) []",
            "10. singapura (*system)"
        ],
        "asw": [
            "Korea (*)",
            "Jepang (*)",
            "India",
            "Australia",
            "Inggris (*)",
            "jerman (*)",
            "amerika (*)",
            "indonesia",
            "belanda (*)",
            "singapura"
        ]
    },
    "c38592bb731fbdaa8eb9cd8375c8e4c15": {
        "point": {
            "┅═ই͡❂﷽ERICA﷽❂ই͡═┅": 5
        },
        "saklar": true,
        "quest": "bagian dari kepala?",
        "tmp": [
            "1. mata (1) [┅═ই͡❂﷽ERICA﷽❂ই͡═┅]",
            "2. telinga (1) [┅═ই͡❂﷽ERICA﷽❂ই͡═┅]",
            "3. rambut (1) [┅═ই͡❂﷽ERICA﷽❂ই͡═┅]",
            "4. _________",
            "5. hidung (1) [┅═ই͡❂﷽ERICA﷽❂ই͡═┅]",
            "6. alis (1) [┅═ই͡❂﷽ERICA﷽❂ই͡═┅]"
        ],
        "asw": [
            "mata (*)",
            "telinga (*)",
            "rambut (*)",
            "pipi",
            "hidung (*)",
            "alis (*)"
        ]
    },
    "c607d24560685aecbc5d7ed24f75e4add": {
        "point": {
            ".": 1,
            "💕🍃👉Dark_Angel👈🍃💕": 2
        },
        "saklar": true,
        "quest": "hewan yang bisa melompat dan memanjat?",
        "tmp": [
            "1. monyet (1) [💕🍃👉Dark_Angel👈🍃💕]",
            "2. tupai (1) [💕🍃👉Dark_Angel👈🍃💕]",
            "3. katak (1) [.]",
            "4. _________",
            "5. _________"
        ],
        "asw": [
            "monyet (*)",
            "tupai (*)",
            "katak (*)",
            "kucing",
            "kelinci"
        ]
    },
    "c277d607c76c075bcc509e20629643e6f": {
        "point": {
            ".": 1,
            "ҍҽҽ ղ Եɑղց": 16,
            "ⒿⒶⒸⓀ": 9,
            "__DoYZ__": 7,
            "􀂳􀠁􀠁􀠁􀠁☆Исайя☆􏿿􀂳􀂳􀂳": 2
        },
        "saklar": false,
        "quest": "alasan kenapa tidak ikut main game disini?",
        "tmp": [
            "1. bosan (*system)",
            "2. ngantuk (*system)",
            "3. pusing (*system)",
            "4. malas (*system)",
            "5. capek (*system)",
            "6. waktunya tidur (*system)",
            "7. susah jawabnya (*system)",
            "8. kalah terus (*system)",
            "9. waktunya kerja (*system)"
        ],
        "asw": [
            "bosan",
            "ngantuk",
            "pusing",
            "malas",
            "capek",
            "waktunya tidur",
            "susah jawabnya",
            "kalah terus",
            "waktunya kerja"
        ]
    },
    "cde30f6693a37a74abf9beb135b233a2a": {
        "point": {
            "􏿿􏿿􏿿􏿿􏿿􏿿􏿿􏿿􏿿􏿿􏿿􏿿「 ᴀʀɴᴏ 」": 4,
            ".": 1
        },
        "saklar": true,
        "quest": "salah seorang ujung tombak as roma?",
        "tmp": [
            "1. _________"
        ],
        "asw": [
            "batis cuta"
        ]
    },
    "cac12a95bd282b6c50cafab5df56257d8": {
        "point": {
            "􏿿􂜁􀄙􏿿􂜁􀄁􏿿􂜁􀄎􏿿􂘁􀄋􏿿": 24,
            "﷽❂ 🌟BM.Advent🌟❂﷽(P)": 4,
            "💕Lieza💕": 2
        },
        "saklar": true,
        "quest": "tindak kriminal?",
        "tmp": [
            "1. mencuri (1) [􏿿􂜁􀄙􏿿􂜁􀄁􏿿􂜁􀄎􏿿􂘁􀄋􏿿]",
            "2. pembunuhan (1) [💕Lieza💕]",
            "3. _________",
            "4. pemerkosaan (1) [💕Lieza💕]",
            "5. korupsi (1) [﷽❂ 🌟BM.Advent🌟❂﷽(P)]",
            "6. _________",
            "7. _________",
            "8. _________",
            "9. _________"
        ],
        "asw": [
            "mencuri (*)",
            "pembunuhan (*)",
            "merampok",
            "pemerkosaan (*)",
            "korupsi (*)",
            "pelecehan",
            "nepotisme",
            "penganiayaan",
            "kolusi"
        ]
    },
    "cdf771808a0c8d4bdbe1b650eec1a4fcb": {
        "point": {
            "ⒿⒶⒸⓀ": 16,
            "dewi": 4
        },
        "saklar": true,
        "quest": "dimana biasa disebut tempat mistik?",
        "tmp": [
            "1. _________",
            "2. kuburan (1) [ⒿⒶⒸⓀ]",
            "3. _________",
            "4. _________",
            "5. _________",
            "6. _________",
            "7. _________",
            "8. _________",
            "9. _________",
            "10. _________"
        ],
        "asw": [
            "hutan",
            "kuburan (*)",
            "rumah tua",
            "laut",
            "toilet",
            "gunung",
            "pantai",
            "dalam celana",
            "sekolahan",
            "bawah pohon tua"
        ]
    },
    "ca2a9a888273681ad82b9bf42079939c7": {
        "point": {
            "👑💗NAORLIE KAZUMI💗👑": 1,
            "surya aguero": 1
        },
        "saklar": true,
        "quest": "apa saja yang dapat dikatakan manis?",
        "tmp": [
            "1. gula (1) [surya aguero]",
            "2. _________",
            "3. _________",
            "4. _________",
            "5. _________",
            "6. _________",
            "7. _________",
            "8. _________",
            "9. _________",
            "10. _________"
        ],
        "asw": [
            "gula (*)",
            "permen",
            "coklat",
            "rokok",
            "cewek manis",
            "kue tart",
            "susu cair",
            "manisan buah",
            "selai",
            "kembang gula"
        ]
    },
    "cda69e3a9684c1810c2405a1a8d57b028": {
        "point": {},
        "saklar": false,
        "quest": "",
        "tmp": [],
        "asw": []
    },
    "c266de9b6a52cf939f91a052e229ec4ae": {
        "point": {},
        "saklar": false,
        "quest": "",
        "asw": [],
        "tmp": []
    },
    "c4f4b3eca11c32a1f5122201d1cb6fc4e": {
        "point": {},
        "saklar": false,
        "quest": "lagu kebangsaan negara dunia?",
        "asw": [
            "indonesia raya",
            "negaraku",
            "la marsillaise",
            "the star spangled banner",
            "marcha granadera",
            "kimigayo",
            "god save the queen"
        ],
        "tmp": [
            "1. indonesia raya (*system)",
            "2. negaraku (*system)",
            "3. la marsillaise (*system)",
            "4. the star spangled banner (*system)",
            "5. marcha granadera (*system)",
            "6. kimigayo (*system)",
            "7. god save the queen (*system)"
        ]
    },
    "cb006b9c09bc393718be73880bae65ae1": {
        "point": {
            "L": 1,
            "Jeung Fatrol😅[Sifat]": 1,
            ".": 1
        },
        "saklar": false,
        "quest": "jenis anjing terkenal?",
        "tmp": [
            "1. dalmation (*system)",
            "2. buldog (1) [.]",
            "3. pom (*system)"
        ],
        "asw": [
            "dalmation",
            "buldog (*)",
            "pom"
        ]
    },
    "cfb0e0842f97775f5578086256f4518bc": {
        "point": {},
        "saklar": false,
        "quest": "",
        "asw": [],
        "tmp": []
    },
    "c2c65af8110b44093c28591365b16edc8": {
        "point": {},
        "saklar": false,
        "quest": "",
        "asw": [],
        "tmp": []
    },
    "ce76db8a804a54c84f65ebe8b56a4c235": {
        "point": {},
        "saklar": false,
        "quest": "",
        "asw": [],
        "tmp": []
    },
    "cce91322bcf3711f7e70ce5f339df501d": {
        "point": {
            "尺ﾘ闩刀": 10,
            "􀰂􀰂􀰂􀰂AYoulea😻􀂳􏿿": 5
        },
        "saklar": false,
        "quest": "macam-macam menu message di hape?",
        "tmp": [
            "1. inbox (*system)",
            "2. new message (*system)",
            "3. sent (*system)",
            "4. inbox (*system)",
            "5. outbox (*system)",
            "6. drafts (*system)",
            "7. my folder (*system)",
            "8. reports (*system)",
            "9. mailbox (*system)"
        ],
        "asw": [
            "inbox",
            "new message",
            "sent",
            "inbox",
            "outbox",
            "drafts",
            "my folder",
            "reports",
            "mailbox"
        ]
    },
    "c7d4e799211871cd3dceabadbffcce7d0": {
        "point": {},
        "saklar": false,
        "quest": "",
        "asw": [],
        "tmp": []
    },
    "ce5e19e0c2ab33dfd708dd37fd7edc808": {
        "point": {},
        "saklar": false,
        "quest": "",
        "asw": [],
        "tmp": []
    },
    "c6581c6b3ebd4e662cf5c707bab2e9e76": {
        "point": {},
        "saklar": false,
        "quest": "",
        "tmp": [],
        "asw": []
    },
    "c6d071056a91156e21a717d10672b8a77": {
        "point": {
            "┅̃̃̃͜͡૨̃γ̃α̃ղ̃̈́̃‮̃┅̃": 3
        },
        "saklar": false,
        "quest": "kemana majikan akan mengajak pembantunya keluar dari rumah?",
        "tmp": [
            "1. mall (1) [┅̃̃̃͜͡૨̃γ̃α̃ղ̃̈́̃‮̃┅̃]",
            "2. pasar (1) [┅̃̃̃͜͡૨̃γ̃α̃ղ̃̈́̃‮̃┅̃]",
            "3. rekreasi (*system)",
            "4. hotel (*system)",
            "5. dokter (*system)",
            "6. rumah sakit (*system)",
            "7. mall (1) [┅̃̃̃͜͡૨̃γ̃α̃ղ̃̈́̃‮̃┅̃]",
            "8. penjara (*system)"
        ],
        "asw": [
            "mall (*)",
            "pasar (*)",
            "rekreasi",
            "hotel",
            "dokter",
            "rumah sakit",
            "mall (*)",
            "penjara"
        ]
    },
    "c7536a3a54867fddd1c9ed70efd3ce0ef": {
        "point": {},
        "saklar": false,
        "quest": "",
        "asw": [],
        "tmp": []
    },
    "c44c4f5069bb5be2feee17aaadd67ffb7": {
        "point": {},
        "saklar": false,
        "quest": "",
        "asw": [],
        "tmp": []
    },
    "c74057b30d9a756c0c7dbe469efb47848": {
        "point": {},
        "saklar": false,
        "quest": "negara piala dunia 2006 group G?",
        "asw": [
            "france",
            "switzerland",
            "south korea",
            "togo"
        ],
        "tmp": [
            "1. france (*system)",
            "2. switzerland (*system)",
            "3. south korea (*system)",
            "4. togo (*system)"
        ]
    },
    "c617069fc3c49a7ca40a9db90523d2f0e": {
        "point": {},
        "saklar": false,
        "quest": "",
        "asw": [],
        "tmp": []
    },
    "c0447e5eab18bfb5b38b7da39a2f2b2c8": {
        "point": {},
        "saklar": false,
        "quest": "",
        "asw": [],
        "tmp": []
    },
    "cb6008cfee4ae675c3b9b7e83569e615a": {
        "point": {},
        "saklar": false,
        "quest": "",
        "asw": [],
        "tmp": []
    },
    "cd1e2dbf0ef7f1dc59f5af0c513a4fdd6": {
        "point": {
            " ✒̶R̶̶y̶̶a̶̶n̶̶ˢ̶̶ᵏ̶": 11,
            "happy": 26,
            "WahyudaPratama": 21,
            "Zahranie": 13,
            "Pingka Ellysia": 2,
            "agamaulana": 16,
            "salma": 8,
            "C 😊": 10
        },
        "saklar": false,
        "quest": "tim sepak bola yang sering lolos liga champion?",
        "tmp": [
            "1. arsenal (*system)",
            "2. real madrid (1) [happy]",
            "3. chelsea (1) [agamaulana]",
            "4. barcelona (1) [happy]",
            "5. man utd (*system)",
            "6. liverpool (1) [agamaulana]",
            "7. ac milan (1) [agamaulana]",
            "8. juventus (1) [happy]",
            "9. intermilan (*system)",
            "10. lyon (*system)",
            "11. porto (*system)",
            "12. ajax (*system)",
            "13. valencia (*system)",
            "14. celtic (*system)"
        ],
        "asw": [
            "arsenal",
            "real madrid (*)",
            "chelsea (*)",
            "barcelona (*)",
            "man utd",
            "liverpool (*)",
            "ac milan (*)",
            "juventus (*)",
            "intermilan",
            "lyon",
            "porto",
            "ajax",
            "valencia",
            "celtic"
        ]
    },
    "c6ec93025beb0130c543a7f43f3074aab": {
        "point": {},
        "saklar": false,
        "quest": "",
        "asw": [],
        "tmp": []
    },
    "c00cfcc16eeab93f6a7da985c05cb4b4b": {
        "point": {},
        "saklar": false,
        "quest": "",
        "tmp": [],
        "asw": []
    },
    "c02e917b376f477478c11d0ee1e870914": {
        "point": {
            "MysteriousCute?": 32,
            "Semut Hitam": 61,
            "☘ˢᴴᶦⁿᵂᶦᶠᵉＬɪɴＮᴀ": 4,
            "✍͡🔞➴͜KURCⓐCCⓘ❥‮─┅═ই͜": 4,
            "A  s  i  s  c  a": 2,
            "β€W": 5,
            "🦁MACAN BUAS🦁": 1
        },
        "saklar": true,
        "quest": "apa yang ada di atas kue bolu ?",
        "asw": [
            "leci",
            "coklat (*)",
            "mangga",
            "rambutan"
        ],
        "tmp": [
            "1. _________",
            "2. coklat (1) [MysteriousCute?]",
            "3. _________",
            "4. _________"
        ]
    },
    "c22857b35063aae22c3620bff80c2bdbb": {
        "point": {},
        "saklar": false,
        "quest": "",
        "asw": [],
        "tmp": []
    },
    "c4d4d5753f33b611528edd199e93b0f8e": {
        "point": {
            "☞٩(๛SETYA WAWAN³˘)۶☜": 5
        },
        "saklar": false,
        "quest": "nama koran di palembang?",
        "tmp": [
            "1. palembang pos (*system)",
            "2. sumatera express (*system)",
            "3. sriwijaya post (1) [☞٩(๛SETYA WAWAN³˘)۶☜]"
        ],
        "asw": [
            "palembang pos",
            "sumatera express",
            "sriwijaya post (*)"
        ]
    },
    "c9ed765da1eeeb3dc73b7d4e47d521e86": {
        "point": {
            "Ｓα ｙ α η ｇ •": 15,
            "ユyukiイ": 15,
            "‮iuYiaN": 2,
            "U t m a y a": 5,
            "Astri": 8,
            "^Sely |Shiners *😄": 1,
            "Mrs.fajar": 1,
            "☪️∂ є ω ι⭐": 1
        },
        "saklar": false,
        "quest": "yang biasa ada di diskotik?",
        "tmp": [
            "1. psk (*system)",
            "2. dj (*system)",
            "3. minuman (*system)",
            "4. lampu disko (*system)",
            "5. gigolo (*system)",
            "6. orang mabuk (*system)"
        ],
        "asw": [
            "psk",
            "dj",
            "minuman",
            "lampu disko",
            "gigolo",
            "orang mabuk"
        ]
    },
    "c2a460c53a4f5260b526d783dcf9cfa1c": {
        "point": {},
        "saklar": false,
        "quest": "",
        "asw": [],
        "tmp": []
    },
    "c91aa196cd7555cde7dd0e502145daa41": {
        "point": {},
        "saklar": false,
        "quest": "",
        "asw": [],
        "tmp": []
    },
    "ca9e903ec9770fc3b97fec75a8bf101a5": {
        "point": {},
        "saklar": false,
        "quest": "",
        "asw": [],
        "tmp": []
    },
    "c839401ca56b178d7648d3b30602aeaef": {
        "point": {},
        "saklar": false,
        "quest": "",
        "asw": [],
        "tmp": []
    },
    "c29c53b6da5352fa5a8a4670283b9ff55": {
        "point": {},
        "saklar": false,
        "quest": "",
        "asw": [],
        "tmp": []
    },
    "c0e97f3832bbfe87c0c642f1764557d08": {
        "point": {},
        "saklar": false,
        "quest": "",
        "asw": [],
        "tmp": []
    },
    "c703f5f1d0e271daf9a1e833f48ce8d57": {
        "point": {},
        "saklar": false,
        "quest": "",
        "asw": [],
        "tmp": []
    },
    "c42e449d2a071888c4b5fca5d36aaf060": {
        "point": {
            "": 2
        },
        "saklar": true,
        "quest": "rutinitas sepasang kekasih?",
        "asw": [
            "ciuman",
            "bercinta",
            "kencan",
            "berdebat",
            "berantem",
            "nonton",
            "menabung",
            "gosip"
        ],
        "tmp": [
            "1. _________",
            "2. _________",
            "3. _________",
            "4. _________",
            "5. _________",
            "6. _________",
            "7. _________",
            "8. _________"
        ]
    },
    "c23aa46cd6e809c5241dda6b1cddd73ff": {
        "point": {},
        "saklar": false,
        "quest": "",
        "asw": [],
        "tmp": []
    },
    "cf8cd3cc6abd4d55bdbc949e390d2451f": {
        "point": {},
        "saklar": false,
        "quest": "",
        "asw": [],
        "tmp": []
    },
    "c8cbd19e58115eb42601a628aff207cc8": {
        "point": {},
        "saklar": true,
        "quest": "sesuatu yang biasa diproduksi di studio?",
        "asw": [
            "film",
            "musik",
            "video clip",
            "foto",
            "sinetron"
        ],
        "tmp": [
            "1. _________",
            "2. _________",
            "3. _________",
            "4. _________",
            "5. _________"
        ]
    },
    "c831d78fab615a561f85421586857b470": {
        "point": {},
        "saklar": false,
        "quest": "",
        "asw": [],
        "tmp": []
    },
    "cc41ea3ea766064e3daeebf6ab96e8f3c": {
        "point": {},
        "saklar": false,
        "quest": "",
        "asw": [],
        "tmp": []
    },
    "ccbf266dc954d5f37b498916084f824b9": {
        "point": {},
        "saklar": false,
        "quest": "",
        "asw": [],
        "tmp": []
    },
    "c40250862e0af36875e5e096a7c49aefd": {
        "point": {
            "ـ꧂ﷻ❀͜͡💖ꜱᴀꜱᴀ💖͜͡❀ﷻ꧁ـ": 24,
            "Mas Ajik": 2
        },
        "saklar": false,
        "quest": "minuman beralkohol?",
        "tmp": [
            "1. bir (1) [ـ꧂ﷻ❀͜͡💖ꜱᴀꜱᴀ💖͜͡❀ﷻ꧁ـ]",
            "2. Vodka (*system)",
            "3. Red Label (*system)",
            "4. Brendi (*system)",
            "5. Guinnes (*system)",
            "6. Saguer (*system)",
            "7. anggur Orangtua (*system)"
        ],
        "asw": [
            "bir (*)",
            "Vodka",
            "Red Label",
            "Brendi",
            "Guinnes",
            "Saguer",
            "anggur Orangtua"
        ]
    },
    "c575fc48f7ddfd9c6935eeb2f78137a48": {
        "point": {},
        "saklar": false,
        "quest": "",
        "asw": [],
        "tmp": []
    },
    "c81dd7857350ace433900aab5ba70619c": {
        "point": {},
        "saklar": false,
        "quest": "",
        "asw": [],
        "tmp": []
    },
    "c5f7fc802e3f402cbaea47c3b9bc0223b": {
        "point": {},
        "saklar": false,
        "quest": "",
        "tmp": [],
        "asw": []
    },
    "c44633f7a17c03f6b475eb470345bcd71": {
        "point": {},
        "saklar": false,
        "quest": "",
        "tmp": [],
        "asw": []
    },
    "c5ffc4c6e5a7c09541cbd472b24226626": {
        "point": {},
        "saklar": false,
        "quest": "",
        "tmp": [],
        "asw": []
    },
    "c58746cfdc05494778e06a1987b561b2f": {
        "point": {},
        "saklar": false,
        "quest": "",
        "tmp": [],
        "asw": []
    },
    "cbd9702ec305cf220e2c7ce176f7a4d98": {
        "point": {},
        "saklar": false,
        "quest": "",
        "asw": [],
        "tmp": []
    },
    "cd4b10cf60b35ce3a38b8876375dac122": {
        "point": {},
        "saklar": false,
        "quest": "",
        "asw": [],
        "tmp": []
    },
    "cac0a7650c2d0ec7a4e85c005e9147f41": {
        "point": {},
        "saklar": false,
        "quest": "",
        "asw": [],
        "tmp": []
    },
    "c0c06830589ae3843d394eac8ce7cd2ae": {
        "point": {},
        "saklar": false,
        "quest": "",
        "asw": [],
        "tmp": []
    },
    "cdd3bde78e682d94049ede24a9c293854": {
        "point": {},
        "saklar": false,
        "quest": "",
        "asw": [],
        "tmp": []
    },
    "c168d4a3d0ab52db82a3f2763ccdd27a6": {
        "point": {},
        "saklar": false,
        "quest": "",
        "asw": [],
        "tmp": []
    },
    "c3458dfdc051b957ed49f48691dd3975d": {
        "point": {},
        "saklar": false,
        "quest": "",
        "asw": [],
        "tmp": []
    },
    "c59bcf32a48b59c3081471ba155b7418f": {
        "point": {},
        "saklar": false,
        "quest": "",
        "asw": [],
        "tmp": []
    },
    "cc77b9c2dad2383655db112f06aa806c9": {
        "point": {
            "─═दই⚛✾PΩΣTRI✾⚛ইद═─": 8,
            "": 7,
            "🍁􀌂􀆭􀌂􀆭􀌂􀆭􀌂􀆭ℓєииу􏿿􀂹": 12
        },
        "saklar": true,
        "quest": "Bumbu Dapur?",
        "asw": [
            "Merica",
            "Lada (*)",
            "bawang merah (*)",
            "bawang putih (*)",
            "jahe (*)",
            "kunyit (*)",
            "Lengkuas (*)"
        ],
        "tmp": [
            "1. _________",
            "2. Lada (1) []",
            "3. bawang merah (1) [🍁􀌂􀆭􀌂􀆭􀌂􀆭􀌂􀆭ℓєииу􏿿􀂹]",
            "4. bawang putih (1) [🍁􀌂􀆭􀌂􀆭􀌂􀆭􀌂􀆭ℓєииу􏿿􀂹]",
            "5. jahe (1) [🍁􀌂􀆭􀌂􀆭􀌂􀆭􀌂􀆭ℓєииу􏿿􀂹]",
            "6. kunyit (1) []",
            "7. Lengkuas (1) [🍁􀌂􀆭􀌂􀆭􀌂􀆭􀌂􀆭ℓєииу􏿿􀂹]"
        ]
    },
    "c2da1c9063f58641cc667baaea6712ad7": {
        "point": {},
        "saklar": false,
        "quest": "",
        "asw": [],
        "tmp": []
    },
    "cae520cdfa36831ce501a84434d4e5fab": {
        "point": {
            "􏿿􏿿™⟮✶⟯🌀☄Hakie ✍🌀☆‮🔥🎓": 2,
            "😍 Lovely 😍": 1
        },
        "saklar": true,
        "quest": "panggilan untuk kekasih kamu (dalam bahasa inggris)?",
        "tmp": [
            "1. _________",
            "2. sayang (1) [􏿿􏿿™⟮✶⟯🌀☄Hakie ✍🌀☆‮🔥🎓]",
            "3. cinta (1) [􏿿􏿿™⟮✶⟯🌀☄Hakie ✍🌀☆‮🔥🎓]",
            "4. _________",
            "5. honey (1) [😍 Lovely 😍]",
            "6. _________",
            "7. _________"
        ],
        "asw": [
            "sweety",
            "sayang (*)",
            "cinta (*)",
            "schatje",
            "honey (*)",
            "darling",
            "sweetheart"
        ]
    },
    "c53693d2aa2905e95ffc2038a2784f575": {
        "point": {},
        "saklar": false,
        "quest": "",
        "asw": [],
        "tmp": []
    },
    "cfce98ca6501cf2d3dfbeb0f44b0aa27b": {
        "point": {
            "🍇🍓Kαriπ🍓🍇": 7,
            "􀰂􀰂􀰂􀰂DhaNNy􀂳􏿿": 4
        },
        "saklar": true,
        "quest": "jenis tiang",
        "asw": [
            "listrik (*)",
            "lampu",
            "bendera (*)",
            "telepon (*)",
            "jemuran (*)"
        ],
        "tmp": [
            "1. listrik (1) [􀰂􀰂􀰂􀰂DhaNNy􀂳􏿿]",
            "2. _________",
            "3. bendera (1) [🍇🍓Kαriπ🍓🍇]",
            "4. telepon (1) [􀰂􀰂􀰂􀰂DhaNNy􀂳􏿿]",
            "5. jemuran (1) [􀰂􀰂􀰂􀰂DhaNNy􀂳􏿿]"
        ]
    },
    "ce6a22923054d4ec0b03d5df8000712a6": {
        "point": {
            "كارين باول": 6,
            "_SARDIKA_": 2,
            "@􀸂􀅞􏿿􀸂􀅟✍ 追加保 🎣􏿿􀸂􀅟􏿿􀸂􀅠􏿿": 2,
            "‌┅═ইঊ🔞͜✯͜͡✒ULUM🎳ইঈ‮": 16,
            "􀿃􀿃􀰮⇱™👣 σ૮ɦเ 👣™􏿿􏿿‮⇲": 13,
            "💞Daffa💞": 36,
            "🌸🌹Rimah Melatih.🌹🌸": 5,
            "😙💑譬喻💏😘": 3,
            "ム九丒丫 回丒丒ム九ヒ之之": 1,
            "DiazZ": 9,
            "indah lestari": 1,
            "􂘁􂘁􀄍􏿿􂜁􀄂􏿿􂘁􀄕􏿿􂜁􀄔􏿿aPriL": 1,
            "􀰂􀰂􀰂􀰂DhaNNy􀂳􏿿": 12,
            "Abed": 2,
            "kelik putra nuhdin": 3
        },
        "saklar": true,
        "quest": "baju bola negara mana yang sering di beli?",
        "tmp": [
            "1. inggris (1) [‌┅═ইঊ🔞͜✯͜͡✒ULUM🎳ইঈ‮]",
            "2. argentina (1) [💞Daffa💞]",
            "3. brazil (1) [􀰂􀰂􀰂􀰂DhaNNy􀂳􏿿]",
            "4. itali (1) [كارين باول]",
            "5. jerman (1) [‌┅═ইঊ🔞͜✯͜͡✒ULUM🎳ইঈ‮]",
            "6. belanda (1) [􀰂􀰂􀰂􀰂DhaNNy􀂳􏿿]",
            "7. portugal (1) [􀰂􀰂􀰂􀰂DhaNNy􀂳􏿿]",
            "8. _________",
            "9. _________"
        ],
        "asw": [
            "inggris (*)",
            "argentina (*)",
            "brazil (*)",
            "itali (*)",
            "jerman (*)",
            "belanda (*)",
            "portugal (*)",
            "jepang",
            "kroatia"
        ]
    },
    "cd3118b15c8ca3af5376826919904544f": {
        "point": {},
        "saklar": false,
        "quest": "",
        "asw": [],
        "tmp": []
    },
    "c58beedd4c6ea28d7929ea1e20bc7a86a": {
        "point": {},
        "saklar": true,
        "quest": "apa saja yang ada di menu nasi goreng?",
        "asw": [
            "ayam",
            "telur",
            "bawang",
            "udang",
            "nasi",
            "bakso",
            "sayur",
            "jeroan"
        ],
        "tmp": [
            "1. _________",
            "2. _________",
            "3. _________",
            "4. _________",
            "5. _________",
            "6. _________",
            "7. _________",
            "8. _________"
        ]
    },
    "c8a2bced8e8caf13c4ea8c7ea3bb2fd67": {
        "point": {},
        "saklar": false,
        "quest": "",
        "asw": [],
        "tmp": []
    },
    "c0f1aea945c5a8247b39532494f65b72b": {
        "point": {},
        "saklar": false,
        "quest": "",
        "asw": [],
        "tmp": []
    },
    "cd39e9d499a6d1102be0e07ada464709c": {
        "point": {},
        "saklar": false,
        "quest": "",
        "asw": [],
        "tmp": []
    },
    "cb3ea0977ca009a0c33d534a509509152": {
        "point": {},
        "saklar": false,
        "quest": "",
        "asw": [],
        "tmp": []
    },
    "c2b21380a16efd2fa7cd088830c475ac1": {
        "point": {},
        "saklar": true,
        "quest": "nama bulan dalam bahasa jepang?|Ichigatsu",
        "tmp": [
            "1. _________",
            "2. _________",
            "3. _________",
            "4. _________",
            "5. _________",
            "6. _________",
            "7. _________",
            "8. _________",
            "9. _________",
            "10. _________",
            "11. _________"
        ],
        "asw": [
            "Nigatsu",
            "Sangatsu",
            "Shigatsu",
            "Gogatsu",
            "Rokugatsu",
            "Nanagatsu",
            "Hachigatsu",
            "Kugatsu",
            "Jugatsu",
            "Juuichigatsu",
            "Juunigatsu"
        ]
    },
    "c404eda9d382119c4744be70a2fa54e0c": {
        "point": {},
        "saklar": false,
        "quest": "",
        "asw": [],
        "tmp": []
    },
    "cb90f726e37f1bd358ff6a2cecbc18c37": {
        "point": {
            "♨※®ⓐⓓⓔⓝ※♨": 2,
            "guntur widyaswara": 1
        },
        "saklar": false,
        "quest": "makanan yang biasa dijual di pagi hari?",
        "asw": [
            "nasi uduk (*)",
            "lontong sayur (*)",
            "ketupat sayur",
            "bubur ayam (*)"
        ],
        "tmp": [
            "1. nasi uduk (1) [guntur widyaswara]",
            "2. lontong sayur (1) [♨※®ⓐⓓⓔⓝ※♨]",
            "3. ketupat sayur (*system)",
            "4. bubur ayam (1) [♨※®ⓐⓓⓔⓝ※♨]"
        ]
    },
    "cef348c6503bcf14816e5cd5e391bc8c9": {
        "point": {},
        "saklar": false,
        "quest": "",
        "asw": [],
        "tmp": []
    },
    "c16fa40e43e49967a3bd00e7d2362c70f": {
        "point": {},
        "saklar": false,
        "quest": "",
        "asw": [],
        "tmp": []
    },
    "c2e57c9fce8ef7638b4b90cea456b9bc6": {
        "point": {},
        "saklar": false,
        "quest": "",
        "asw": [],
        "tmp": []
    },
    "ce406061ab11aa6090d000f3bb084641c": {
        "point": {},
        "saklar": true,
        "quest": "bahan galian?",
        "asw": [
            "emas",
            "intan",
            "batubara",
            "nikel",
            "belerang",
            "minyak",
            "kapur",
            "perak",
            "aspal",
            "granit"
        ],
        "tmp": [
            "1. _________",
            "2. _________",
            "3. _________",
            "4. _________",
            "5. _________",
            "6. _________",
            "7. _________",
            "8. _________",
            "9. _________",
            "10. _________"
        ]
    },
    "cb94901f41211fbe0f3912628ca6aa073": {
        "point": {},
        "saklar": false,
        "quest": "",
        "asw": [],
        "tmp": []
    },
    "c92c3678459451ef5db2d755d004aaf1a": {
        "point": {},
        "saklar": false,
        "quest": "Negara yang menghasilkan jagung ...selain negara indonesia",
        "tmp": [
            "1. Amerika (*system)",
            "2. Brazil (*system)",
            "3. Mexico (*system)",
            "4. Perancis (*system)",
            "5. Argentina (*system)"
        ],
        "asw": [
            "Amerika",
            "Brazil",
            "Mexico",
            "Perancis",
            "Argentina"
        ]
    },
    "c3295afeff10038251315df7f8b61cb71": {
        "point": {
            "ــ─┅͜͡✥꧁✍adhe✍꧂✥͜﷽": 9,
            "dedew": 2
        },
        "saklar": false,
        "quest": "pisang...",
        "tmp": [
            "1. mas (*system)",
            "2. goreng (*system)",
            "3. sepatu (*system)",
            "4. ambon (1) [ــ─┅͜͡✥꧁✍adhe✍꧂✥͜﷽]",
            "5. raja (1) [ــ─┅͜͡✥꧁✍adhe✍꧂✥͜﷽]",
            "6. susu (*system)",
            "7. tanduk (1) [ــ─┅͜͡✥꧁✍adhe✍꧂✥͜﷽]",
            "8. kukus (*system)"
        ],
        "asw": [
            "mas",
            "goreng",
            "sepatu",
            "ambon (*)",
            "raja (*)",
            "susu",
            "tanduk (*)",
            "kukus"
        ]
    },
    "cbbb48fa6083fbc633ea085f01135e01c": {
        "point": {},
        "saklar": false,
        "quest": "",
        "asw": [],
        "tmp": []
    },
    "c5d0d7a2820d923e5761cd00c726b3a01": {
        "point": {},
        "saklar": true,
        "quest": "satu malam dalam bulang puasa yang apabila dilakukan amal dilipat gandakan?",
        "asw": [
            "lailatul qadar"
        ],
        "tmp": [
            "1. _________"
        ]
    },
    "c194306cfdf6dedde316caf4cc950156a": {
        "point": {},
        "saklar": false,
        "quest": "",
        "asw": [],
        "tmp": []
    },
    "ca627d5736165c4c19685099e6e9da357": {
        "point": {},
        "saklar": false,
        "quest": "",
        "asw": [],
        "tmp": []
    },
    "ca39c208e80434312f32922507b739e2d": {
        "point": {},
        "saklar": false,
        "quest": "",
        "asw": [],
        "tmp": []
    },
    "c90cb35eeca7f613a108861307f11fb7c": {
        "point": {},
        "saklar": false,
        "quest": "",
        "asw": [],
        "tmp": []
    },
    "c9d1349064aa1f05a951b3e7c422fd059": {
        "point": {},
        "saklar": false,
        "quest": "nama fast food terkenal",
        "asw": [
            "Mac Donald",
            "Kentucky Fried Chicken",
            "Wendys",
            "A & W",
            "Burger King"
        ],
        "tmp": [
            "1. Mac Donald (*system)",
            "2. Kentucky Fried Chicken (*system)",
            "3. Wendys (*system)",
            "4. A & W (*system)",
            "5. Burger King (*system)"
        ]
    },
    "cad587cc9ebd2b036367668f1441152cd": {
        "point": {
            "💗SHELLYANA💖": 1,
            "🌾🥀BUNDA _adip🥀🌾": 1,
            "dianalumi": 1,
            "Abah Ovay": 4,
            "Ety Lingling": 1,
            "@Trisna Pri_GsS": 1
        },
        "saklar": true,
        "quest": "software chatting?",
        "asw": [
            "mirc",
            "yahoo messenger",
            "msn",
            "google talk",
            "skype",
            "camfrog",
            "live connector",
            "icq",
            "windows live"
        ],
        "tmp": [
            "1. _________",
            "2. _________",
            "3. _________",
            "4. _________",
            "5. _________",
            "6. _________",
            "7. _________",
            "8. _________",
            "9. _________"
        ]
    },
    "c23fb7db7f8e6945f903b9933d4b10e32": {
        "point": {},
        "saklar": false,
        "quest": "",
        "asw": [],
        "tmp": []
    },
    "ca33baf440ae866d8facde45e7b330806": {
        "point": {
            "PayVai♪": 19,
            "Ecek": 2,
            "pradana": 19,
            "ℹ️ᴄʜᴀʟ": 6,
            "biyan💝": 2,
            "ــ─┅͜͡✥꧁✍aulia✍꧂✥͜﷽": 6,
            "Mentari Priscilia": 10,
            "eyank kakung": 8,
            "Riyana Sugar": 7
        },
        "saklar": true,
        "quest": "name the planet in our solar system?",
        "asw": [
            "mars",
            "pluto",
            "venus",
            "jupiter",
            "earth",
            "uranus",
            "saturn",
            "mercury",
            "neptune"
        ],
        "tmp": [
            "1. _________",
            "2. _________",
            "3. _________",
            "4. _________",
            "5. _________",
            "6. _________",
            "7. _________",
            "8. _________",
            "9. _________"
        ]
    },
    "c0c30ed43c239a1f40e514de51d5b130d": {
        "point": {
            "@🕉─═ই✯͜͡✠Iren➣➻🕉": 2
        },
        "saklar": true,
        "quest": "gambar hewan laut apa yang biasanya menjadi motif baju pantai",
        "tmp": [
            "1. lumba-lumba (1) [@🕉─═ই✯͜͡✠Iren➣➻🕉]",
            "2. kerang (1) [@🕉─═ই✯͜͡✠Iren➣➻🕉]",
            "3. _________",
            "4. _________",
            "5. _________"
        ],
        "asw": [
            "lumba-lumba (*)",
            "kerang (*)",
            "bintang laut",
            "paus",
            "burung camar"
        ]
    },
    "c62cf54356904620a456c9034757f4091": {
        "point": {
            "Hapus Akun": 1
        },
        "saklar": true,
        "quest": "lagu nasional negara indonesia?",
        "tmp": [
            "1. indonesia raya (1) [Hapus Akun]",
            "2. _________",
            "3. _________"
        ],
        "asw": [
            "indonesia raya (*)",
            "halo halo bandung",
            "maju tak gentar"
        ]
    },
    "cb5b5ab2650a77af507d2c4e08f8dc768": {
        "point": {},
        "saklar": false,
        "quest": "",
        "asw": [],
        "tmp": []
    },
    "c7a038308fae4481bb7580bcf7e66fa4b": {
        "point": {
            "آنيسة يوليانتي": 8,
            "()()()()": 3,
            "􂜁􀄙􏿿􂜁􀄁􏿿􂜁􀄎􏿿􂘁􀄋™􏿿": 25
        },
        "saklar": true,
        "quest": "alasan seseorang menolak pinangan/ ajakan pacaran?",
        "tmp": [
            "1. _________",
            "2. _________",
            "3. _________",
            "4. _________",
            "5. _________",
            "6. _________",
            "7. _________"
        ],
        "asw": [
            "tidak terima sejenis",
            "materialistis",
            "beda agama",
            "masih kecil",
            "selisih usia",
            "dilarang orang tua",
            "sudah punya pacar"
        ]
    },
    "cde0192d51e4d1536b68ce839a0122686": {
        "point": {},
        "saklar": false,
        "quest": "",
        "asw": [],
        "tmp": []
    },
    "cc8a424e1f4ac953fa13f6aafa4eef757": {
        "point": {},
        "saklar": false,
        "quest": "",
        "asw": [],
        "tmp": []
    },
    "c675758e4de3b714ff9aace8e77b2fc57": {
        "point": {
            "koko": 4,
            "DEN": 4,
            "Rensi_violet": 1
        },
        "saklar": true,
        "quest": "alasan seseorang MUDIK?",
        "asw": [
            "liburan",
            "hari raya",
            "kangen orangtua",
            "rindu kampung halaman",
            "berhenti kerja",
            "sakit keras"
        ],
        "tmp": [
            "1. _________",
            "2. _________",
            "3. _________",
            "4. _________",
            "5. _________",
            "6. _________"
        ]
    },
    "c23bb49268a284e07989e20f300f69c9c": {
        "point": {},
        "saklar": false,
        "quest": "",
        "asw": [],
        "tmp": []
    },
    "c2001f0fce2cdb24bb2c663ddfaa0a40a": {
        "point": {},
        "saklar": false,
        "quest": "",
        "asw": [],
        "tmp": []
    },
    "ccf25868722aab31ccf8c2e7fb190d097": {
        "point": {
            "Noeryn23": 4,
            "ــ─┅͜͡✥꧁✍adhe✍꧂✥͜﷽": 6
        },
        "saklar": false,
        "quest": "Seorang guru marah karena muridnya...",
        "tmp": [
            "1. Bolos (1) [ــ─┅͜͡✥꧁✍adhe✍꧂✥͜﷽]",
            "2. Nakal (1) [ــ─┅͜͡✥꧁✍adhe✍꧂✥͜﷽]",
            "3. Bandel (1) [ــ─┅͜͡✥꧁✍adhe✍꧂✥͜﷽]",
            "4. Malas (*system)",
            "5. Tidak mengerjakan pr (*system)",
            "6. Tidur di kelas (*system)"
        ],
        "asw": [
            "Bolos (*)",
            "Nakal (*)",
            "Bandel (*)",
            "Malas",
            "Tidak mengerjakan pr",
            "Tidur di kelas"
        ]
    },
    "c8e43ef1efa55816035107cc84bfaaf9f": {
        "point": {},
        "saklar": false,
        "quest": "",
        "asw": [],
        "tmp": []
    },
    "c0c2c0992fbad77e737274f4514172f4f": {
        "point": {},
        "saklar": false,
        "quest": "",
        "asw": [],
        "tmp": []
    },
    "c83f9800d20877a0328713c89b1250ff1": {
        "point": {},
        "saklar": false,
        "quest": "",
        "asw": [],
        "tmp": []
    },
    "c872b063bcc93639800b3e27370eb65ea": {
        "point": {},
        "saklar": false,
        "quest": "",
        "asw": [],
        "tmp": []
    },
    "cfb5761141461279e9eb67c24a691c151": {
        "point": {},
        "saklar": false,
        "quest": "",
        "asw": [],
        "tmp": []
    },
    "c52b744cfc2694534071737aa00bfd39e": {
        "point": {},
        "saklar": true,
        "quest": "Siapakah pengarah filem schlinder`s list yang diharamkan dimalaysia?",
        "asw": [
            "steven spielberg"
        ],
        "tmp": [
            "1. _________"
        ]
    },
    "cd8337bd8bfb1823f3254018f9bf3894c": {
        "point": {
            "􂜁􀄙􏿿􂜁􀄁􏿿􂜁􀄎􏿿􂘁􀄋™􏿿": 6,
            "Şɛřıą": 2
        },
        "saklar": true,
        "quest": "apa yang kamu katakan kalau kamu dikasih hadiah?",
        "asw": [
            "hore",
            "terima kasih (*)",
            "jangan repot",
            "wah",
            "asik",
            ""
        ],
        "tmp": [
            "1. _________",
            "2. terima kasih (1) [􂜁􀄙􏿿􂜁􀄁􏿿􂜁􀄎􏿿􂘁􀄋™􏿿]",
            "3. _________",
            "4. _________",
            "5. _________",
            "6. _________"
        ]
    },
    "cba92f143ec8ce9f658740dd463748ab3": {
        "point": {},
        "saklar": false,
        "quest": "",
        "asw": [],
        "tmp": []
    },
    "cdf63af51f5f4a2f6ec3f26eac8b976be": {
        "point": {},
        "saklar": true,
        "quest": "orang yg pernah menjadi Wakil presiden RI",
        "tmp": [
            "1. _________",
            "2. _________",
            "3. _________",
            "4. _________",
            "5. _________",
            "6. _________",
            "7. _________",
            "8. _________"
        ],
        "asw": [
            "mohammad hatta",
            "sri sultan h ix",
            "adam malik",
            "umar wirahadikusumah",
            "sudharmono",
            "try sutrisno",
            "b.j. habibie",
            "megawati"
        ]
    },
    "ce450495a6e8d504234123425c63e8bfa": {
        "point": {},
        "saklar": false,
        "quest": "",
        "asw": [],
        "tmp": []
    },
    "c459e6dbd33fa2fa4c9602a5e47665c4c": {
        "point": {},
        "saklar": false,
        "quest": "",
        "asw": [],
        "tmp": []
    },
    "c83e335368494436f24cf993bafa2d94d": {
        "point": {
            "radit_putra": 6
        },
        "saklar": true,
        "quest": "sampah di jalan raya?",
        "tmp": [
            "1. kertas (1) [radit_putra]",
            "2. _________",
            "3. _________",
            "4. kaleng (1) [radit_putra]",
            "5. _________",
            "6. _________"
        ],
        "asw": [
            "kertas (*)",
            "puntung rokok",
            "plastik",
            "kaleng (*)",
            "botol",
            "kulit pisang"
        ]
    },
    "c7549f5d0077e6a06b77c414436b98c0a": {
        "point": {},
        "saklar": false,
        "quest": "",
        "asw": [],
        "tmp": []
    },
    "c9ab4e029d360f7f3be44f366b5cb0d29": {
        "point": {
            "Ridho": 2,
            "─═ই🌹꧁Mawar2310🌹꧂‮─═ই": 1,
            "              soso": 1
        },
        "saklar": true,
        "quest": "jenis tv televisi?",
        "asw": [
            "politron",
            "sony (*)",
            "panasonic (*)",
            "toshiba (*)",
            "samsung (*)",
            "sanken",
            "akira"
        ],
        "tmp": [
            "1. _________",
            "2. sony (1) [              soso]",
            "3. panasonic (1) [Ridho]",
            "4. toshiba (1) [─═ই🌹꧁Mawar2310🌹꧂‮─═ই]",
            "5. samsung (1) [Ridho]",
            "6. _________",
            "7. _________"
        ]
    },
    "c7badf8fc88221cbc5cbf07c6e5be3339": {
        "point": {},
        "saklar": false,
        "quest": "",
        "asw": [],
        "tmp": []
    },
    "c9ac5fc38f6d8f51970bac93833efe59e": {
        "point": {},
        "saklar": false,
        "quest": "",
        "asw": [],
        "tmp": []
    },
    "c819818404f54a72b440623a4870e5d2b": {
        "point": {},
        "saklar": false,
        "quest": "",
        "asw": [],
        "tmp": []
    },
    "c3fabd374fe4fdf515684d7dc1e34ef29": {
        "point": {},
        "saklar": false,
        "quest": "",
        "asw": [],
        "tmp": []
    },
    "c3e88e9fc7601508677a3f3831f799408": {
        "point": {},
        "saklar": false,
        "quest": "",
        "asw": [],
        "tmp": []
    },
    "cc474be51049780ce55ee8303a430abad": {
        "point": {},
        "saklar": false,
        "quest": "",
        "asw": [],
        "tmp": []
    },
    "c49fe6729a1fca40bd1d663420925031c": {
        "point": {},
        "saklar": false,
        "quest": "",
        "tmp": [],
        "asw": []
    }
}